{"payload":{"installed_packages":["absl-py==1.3.0","alabaster==0.7.12","anaconda-client==1.7.2","anaconda-navigator==1.9.12","anaconda-project==0.8.3","argh==0.26.2","asn1crypto==1.3.0","astroid==2.4.2","astropy==4.0.1.post1","asttokens==2.1.0","atomicwrites==1.4.0","attrs==19.3.0","autopep8==1.5.3","av==8.0.3","babel==2.8.0","backcall==0.2.0","backports.functools-lru-cache==1.6.1","backports.shutil-get-terminal-size==1.0.0","backports.tempfile==1.0","backports.weakref==1.0.post1","beautifulsoup4==4.9.1","bitarray==1.4.0","bkcharts==0.2","bleach==3.1.5","bokeh==2.1.1","boto==2.49.0","bottleneck==1.3.2","brotlipy==0.7.0","cachetools==5.2.0","certifi==2020.6.20","cffi==1.14.0","chardet==3.0.4","click==7.1.2","cloudpickle==1.5.0","clyent==1.2.2","colorama==0.4.3","comet-ml==3.31.17","conda-build==3.18.11","conda-package-handling==1.7.0","conda-verify==3.4.2","conda==4.8.3","configobj==5.0.6","contextlib2==0.6.0.post1","contourpy==1.0.6","cryptography==2.9.2","cycler==0.11.0","cython==0.29.21","cytoolz==0.10.1","dask==2.20.0","decorator==4.4.2","defusedxml==0.6.0","diff-match-patch==20200713","distributed==2.20.0","docutils==0.16","dulwich==0.20.50","entrypoints==0.3","et-xmlfile==1.0.1","everett==3.1.0","executing==1.2.0","fastcache==1.1.0","filelock==3.0.12","fire==0.4.0","flake8==3.8.3","flask==1.1.2","fonttools==4.38.0","fsspec==0.7.4","future==0.18.2","gevent==20.6.2","glob2==0.7","gmpy2==2.0.8","google-auth-oauthlib==0.4.6","google-auth==2.14.1","greenlet==0.4.16","grpcio==1.50.0","h5py==2.10.0","heapdict==1.0.1","html5lib==1.1","idna==2.10","imageio==2.9.0","imagesize==1.2.0","importlib-metadata==5.0.0","intervaltree==3.0.2","ipykernel==5.3.2","ipython-genutils==0.2.0","ipython==8.6.0","ipywidgets==7.5.1","isort==4.3.21","itsdangerous==1.1.0","jdcal==1.4.1","jedi==0.18.1","jeepney==0.4.3","jinja2==2.11.2","joblib==0.16.0","json5==0.9.5","jsonschema==3.2.0","jupyter-client==6.1.6","jupyter-console==6.1.0","jupyter-core==4.6.3","jupyter==1.0.0","jupyterlab-server==1.2.0","jupyterlab==2.1.5","keyring==21.2.1","kiwisolver==1.4.4","lazy-object-proxy==1.4.3","libarchive-c==2.9","llvmlite==0.33.0+1.g022ab0f","locket==0.2.0","lxml==4.5.2","markdown==3.4.1","markupsafe==2.1.1","matplotlib-inline==0.1.6","matplotlib==3.6.2","mccabe==0.6.1","mistune==0.8.4","mkl-fft==1.1.0","mkl-random==1.1.1","mkl-service==2.3.0","mock==4.0.2","more-itertools==8.4.0","mpmath==1.1.0","msgpack==1.0.0","multipledispatch==0.6.0","navigator-updater==0.2.1","nbconvert==5.6.1","nbformat==5.0.7","networkx==2.4","nltk==3.5","nose==1.3.7","notebook==6.0.3","numba==0.50.1","numexpr==2.7.1","numpy==1.23.4","numpydoc==1.1.0","nvidia-cublas-cu11==11.10.3.66","nvidia-cuda-nvrtc-cu11==11.7.99","nvidia-cuda-runtime-cu11==11.7.99","nvidia-cudnn-cu11==8.5.0.96","oauthlib==3.2.2","olefile==0.46","opencv-python==4.6.0.66","openpyxl==3.0.4","packaging==20.4","pandas==1.5.1","pandocfilters==1.4.2","parso==0.8.3","partd==1.1.0","path==13.1.0","pathlib2==2.3.5","pathtools==0.1.2","patsy==0.5.1","pep8==1.7.1","pexpect==4.8.0","pickleshare==0.7.5","pillow==9.3.0","pip==20.1.1","pkginfo==1.5.0.1","pluggy==0.13.1","ply==3.11","prometheus-client==0.8.0","prompt-toolkit==3.0.32","protobuf==3.19.6","psutil==5.7.0","ptyprocess==0.6.0","pure-eval==0.2.2","py==1.9.0","pyasn1-modules==0.2.8","pyasn1==0.4.8","pycodestyle==2.6.0","pycosat==0.6.3","pycparser==2.20","pycurl==7.43.0.5","pydocstyle==5.0.2","pyflakes==2.2.0","pygments==2.6.1","pylint==2.5.3","pyodbc==4.0.0-unsupported","pyopenssl==19.1.0","pyparsing==2.4.7","pyrsistent==0.16.0","pysocks==1.7.1","pytest==5.4.3","python-dateutil==2.8.1","python-jsonrpc-server==0.3.4","python-language-server==0.34.1","pytz==2020.1","pywavelets==1.1.1","pyxdg==0.26","pyyaml==6.0","pyzmq==19.0.1","qdarkstyle==2.8.1","qtawesome==0.7.2","qtconsole==4.7.5","qtpy==1.9.0","regex==2020.6.8","requests-oauthlib==1.3.1","requests-toolbelt==0.10.1","requests==2.24.0","rope==0.17.0","rsa==4.9","rtree==0.9.4","ruamel-yaml==0.15.87","scikit-image==0.16.2","scikit-learn==0.23.1","scipy==1.9.3","seaborn==0.12.1","secretstorage==3.1.2","semantic-version==2.10.0","send2trash==1.5.0","sentry-sdk==1.10.1","setuptools==49.2.0.post20200714","simplegeneric==0.8.1","singledispatch==3.4.0.3","sip==4.19.13","six==1.15.0","snowballstemmer==2.0.0","sortedcollections==1.2.1","sortedcontainers==2.2.2","soupsieve==2.0.1","sphinx==3.1.2","sphinxcontrib-applehelp==1.0.2","sphinxcontrib-devhelp==1.0.2","sphinxcontrib-htmlhelp==1.0.3","sphinxcontrib-jsmath==1.0.1","sphinxcontrib-qthelp==1.0.3","sphinxcontrib-serializinghtml==1.1.4","sphinxcontrib-websupport==1.2.3","spyder-kernels==1.9.2","spyder==4.1.4","sqlalchemy==1.3.18","stack-data==0.6.0","statsmodels==0.11.1","sympy==1.6.1","tables==3.6.1","tblib==1.6.0","tensorboard-data-server==0.6.1","tensorboard-plugin-wit==1.8.1","tensorboard==2.10.1","termcolor==1.1.0","terminado==0.8.3","testpath==0.4.4","thop==0.1.1.post2209072238","threadpoolctl==2.1.0","toml==0.10.1","toolz==0.10.0","torch==1.8.1+cu111","torchaudio==0.13.0","torchvision==0.9.1+cu111","tornado==6.0.4","tqdm==4.64.1","traitlets==5.5.0","typing-extensions==4.4.0","ujson==1.35","unicodecsv==0.14.1","urllib3==1.25.9","watchdog==0.10.3","wcwidth==0.2.5","webencodings==0.5.1","websocket-client==1.3.3","werkzeug==2.2.2","wheel==0.34.2","widgetsnbextension==3.5.1","wrapt==1.11.2","wurlitzer==2.0.1","xlrd==1.2.0","xlsxwriter==1.2.9","xlwt==1.3.0","xmltodict==0.12.0","yapf==0.30.0","zict==2.0.0","zipp==3.1.0","zope.event==4.4","zope.interface==4.7.1"],"local_timestamp":1668004046556},"type":"ws_msg"}
{"payload":{"env_details":{"command":["train.py","--local_rank=0","--img","512","--batch","16","--epochs","6","--data","china_motorbike.yaml","--weights","yolov5s.pt","--device","0,1"],"env":null,"hostname":"idun-04-01","ip":"10.1.4.1","machine":"x86_64","os":"Linux-4.18.0-348.el8.0.2.x86_64-x86_64-with-glibc2.10","os_release":"4.18.0-348.el8.0.2.x86_64","os_type":"Linux","pid":325365,"processor":"x86_64","python_exe":"/cluster/apps/eb/software/Anaconda3/2020.07/bin/python3","python_version":"3.8.3","python_version_verbose":"3.8.3 (default, Jul  2 2020, 16:21:59) \n[GCC 7.3.0]","user":"salara"},"local_timestamp":1668004046693},"type":"ws_msg"}
{"payload":{"gpu_static_info":[{"gpu_index":0,"name":"Tesla V100-PCIE-32GB","power_limit":250000,"total_memory":34359738368,"uuid":"GPU-ce9324f0-0bd5-1784-9e1c-7018a4114ea7"},{"gpu_index":1,"name":"Tesla V100-PCIE-32GB","power_limit":250000,"total_memory":34359738368,"uuid":"GPU-d402ac11-ae40-1a0e-03fd-3893b48012ad"}],"local_timestamp":1668004046714},"type":"ws_msg"}
{"payload":{"local_timestamp":1668004046714,"metric":{"epoch":null,"metricName":"sys.gpu.0.total_memory","metricValue":34359738368,"step":null}},"type":"metric_msg"}
{"payload":{"local_timestamp":1668004046714,"metric":{"epoch":null,"metricName":"sys.gpu.1.total_memory","metricValue":34359738368,"step":null}},"type":"metric_msg"}
{"payload":{"local_timestamp":1668004046716,"metric":{"epoch":null,"metricName":"sys.cpu.percent.avg","metricValue":10.0375,"step":null}},"type":"metric_msg"}
{"payload":{"local_timestamp":1668004046716,"metric":{"epoch":null,"metricName":"sys.cpu.percent.01","metricValue":1.0,"step":null}},"type":"metric_msg"}
{"payload":{"local_timestamp":1668004046716,"metric":{"epoch":null,"metricName":"sys.cpu.percent.02","metricValue":90.9,"step":null}},"type":"metric_msg"}
{"payload":{"local_timestamp":1668004046716,"metric":{"epoch":null,"metricName":"sys.cpu.percent.03","metricValue":2.7,"step":null}},"type":"metric_msg"}
{"payload":{"local_timestamp":1668004046716,"metric":{"epoch":null,"metricName":"sys.cpu.percent.04","metricValue":0.5,"step":null}},"type":"metric_msg"}
{"payload":{"local_timestamp":1668004046716,"metric":{"epoch":null,"metricName":"sys.cpu.percent.05","metricValue":100.0,"step":null}},"type":"metric_msg"}
{"payload":{"local_timestamp":1668004046716,"metric":{"epoch":null,"metricName":"sys.cpu.percent.06","metricValue":12.7,"step":null}},"type":"metric_msg"}
{"payload":{"local_timestamp":1668004046716,"metric":{"epoch":null,"metricName":"sys.cpu.percent.07","metricValue":0.1,"step":null}},"type":"metric_msg"}
{"payload":{"local_timestamp":1668004046716,"metric":{"epoch":null,"metricName":"sys.cpu.percent.08","metricValue":7.9,"step":null}},"type":"metric_msg"}
{"payload":{"local_timestamp":1668004046716,"metric":{"epoch":null,"metricName":"sys.cpu.percent.09","metricValue":3.6,"step":null}},"type":"metric_msg"}
{"payload":{"local_timestamp":1668004046716,"metric":{"epoch":null,"metricName":"sys.cpu.percent.10","metricValue":2.7,"step":null}},"type":"metric_msg"}
{"payload":{"local_timestamp":1668004046716,"metric":{"epoch":null,"metricName":"sys.cpu.percent.11","metricValue":0.4,"step":null}},"type":"metric_msg"}
{"payload":{"local_timestamp":1668004046716,"metric":{"epoch":null,"metricName":"sys.cpu.percent.12","metricValue":3.2,"step":null}},"type":"metric_msg"}
{"payload":{"local_timestamp":1668004046716,"metric":{"epoch":null,"metricName":"sys.cpu.percent.13","metricValue":0.1,"step":null}},"type":"metric_msg"}
{"payload":{"local_timestamp":1668004046716,"metric":{"epoch":null,"metricName":"sys.cpu.percent.14","metricValue":0.5,"step":null}},"type":"metric_msg"}
{"payload":{"local_timestamp":1668004046716,"metric":{"epoch":null,"metricName":"sys.cpu.percent.15","metricValue":3.8,"step":null}},"type":"metric_msg"}
{"payload":{"local_timestamp":1668004046716,"metric":{"epoch":null,"metricName":"sys.cpu.percent.16","metricValue":0.4,"step":null}},"type":"metric_msg"}
{"payload":{"local_timestamp":1668004046716,"metric":{"epoch":null,"metricName":"sys.cpu.percent.17","metricValue":0.0,"step":null}},"type":"metric_msg"}
{"payload":{"local_timestamp":1668004046716,"metric":{"epoch":null,"metricName":"sys.cpu.percent.18","metricValue":0.4,"step":null}},"type":"metric_msg"}
{"payload":{"local_timestamp":1668004046716,"metric":{"epoch":null,"metricName":"sys.cpu.percent.19","metricValue":0.1,"step":null}},"type":"metric_msg"}
{"payload":{"local_timestamp":1668004046716,"metric":{"epoch":null,"metricName":"sys.cpu.percent.20","metricValue":24.0,"step":null}},"type":"metric_msg"}
{"payload":{"local_timestamp":1668004046716,"metric":{"epoch":null,"metricName":"sys.cpu.percent.21","metricValue":0.3,"step":null}},"type":"metric_msg"}
{"payload":{"local_timestamp":1668004046716,"metric":{"epoch":null,"metricName":"sys.cpu.percent.22","metricValue":22.8,"step":null}},"type":"metric_msg"}
{"payload":{"local_timestamp":1668004046716,"metric":{"epoch":null,"metricName":"sys.cpu.percent.23","metricValue":4.3,"step":null}},"type":"metric_msg"}
{"payload":{"local_timestamp":1668004046716,"metric":{"epoch":null,"metricName":"sys.cpu.percent.24","metricValue":0.4,"step":null}},"type":"metric_msg"}
{"payload":{"local_timestamp":1668004046716,"metric":{"epoch":null,"metricName":"sys.cpu.percent.25","metricValue":0.1,"step":null}},"type":"metric_msg"}
{"payload":{"local_timestamp":1668004046716,"metric":{"epoch":null,"metricName":"sys.cpu.percent.26","metricValue":0.3,"step":null}},"type":"metric_msg"}
{"payload":{"local_timestamp":1668004046716,"metric":{"epoch":null,"metricName":"sys.cpu.percent.27","metricValue":0.3,"step":null}},"type":"metric_msg"}
{"payload":{"local_timestamp":1668004046716,"metric":{"epoch":null,"metricName":"sys.cpu.percent.28","metricValue":0.3,"step":null}},"type":"metric_msg"}
{"payload":{"local_timestamp":1668004046716,"metric":{"epoch":null,"metricName":"sys.cpu.percent.29","metricValue":0.4,"step":null}},"type":"metric_msg"}
{"payload":{"local_timestamp":1668004046716,"metric":{"epoch":null,"metricName":"sys.cpu.percent.30","metricValue":100.0,"step":null}},"type":"metric_msg"}
{"payload":{"local_timestamp":1668004046716,"metric":{"epoch":null,"metricName":"sys.cpu.percent.31","metricValue":0.4,"step":null}},"type":"metric_msg"}
{"payload":{"local_timestamp":1668004046716,"metric":{"epoch":null,"metricName":"sys.cpu.percent.32","metricValue":3.7,"step":null}},"type":"metric_msg"}
{"payload":{"local_timestamp":1668004046716,"metric":{"epoch":null,"metricName":"sys.cpu.percent.33","metricValue":1.7,"step":null}},"type":"metric_msg"}
{"payload":{"local_timestamp":1668004046716,"metric":{"epoch":null,"metricName":"sys.cpu.percent.34","metricValue":0.1,"step":null}},"type":"metric_msg"}
{"payload":{"local_timestamp":1668004046716,"metric":{"epoch":null,"metricName":"sys.cpu.percent.35","metricValue":1.5,"step":null}},"type":"metric_msg"}
{"payload":{"local_timestamp":1668004046716,"metric":{"epoch":null,"metricName":"sys.cpu.percent.36","metricValue":0.3,"step":null}},"type":"metric_msg"}
{"payload":{"local_timestamp":1668004046716,"metric":{"epoch":null,"metricName":"sys.cpu.percent.37","metricValue":1.9,"step":null}},"type":"metric_msg"}
{"payload":{"local_timestamp":1668004046716,"metric":{"epoch":null,"metricName":"sys.cpu.percent.38","metricValue":0.4,"step":null}},"type":"metric_msg"}
{"payload":{"local_timestamp":1668004046717,"metric":{"epoch":null,"metricName":"sys.cpu.percent.39","metricValue":3.7,"step":null}},"type":"metric_msg"}
{"payload":{"local_timestamp":1668004046717,"metric":{"epoch":null,"metricName":"sys.cpu.percent.40","metricValue":3.6,"step":null}},"type":"metric_msg"}
{"payload":{"local_timestamp":1668004046717,"metric":{"epoch":null,"metricName":"sys.load.avg","metricValue":4.6,"step":null}},"type":"metric_msg"}
{"payload":{"local_timestamp":1668004046717,"metric":{"epoch":null,"metricName":"sys.ram.total","metricValue":809748115456,"step":null}},"type":"metric_msg"}
{"payload":{"local_timestamp":1668004046717,"metric":{"epoch":null,"metricName":"sys.ram.used","metricValue":119151009792,"step":null}},"type":"metric_msg"}
{"payload":{"local_timestamp":1668004046717,"param":{"paramName":"local_rank","paramValue":0,"source":"command_line","step":null}},"type":"parameter_msg"}
{"payload":{"local_timestamp":1668004046717,"param":{"paramName":"img","paramValue":512,"source":"command_line","step":null}},"type":"parameter_msg"}
{"payload":{"local_timestamp":1668004046717,"param":{"paramName":"batch","paramValue":16,"source":"command_line","step":null}},"type":"parameter_msg"}
{"payload":{"local_timestamp":1668004046718,"param":{"paramName":"epochs","paramValue":6,"source":"command_line","step":null}},"type":"parameter_msg"}
{"payload":{"local_timestamp":1668004046718,"param":{"paramName":"data","paramValue":"china_motorbike.yaml","source":"command_line","step":null}},"type":"parameter_msg"}
{"payload":{"local_timestamp":1668004046718,"param":{"paramName":"weights","paramValue":"yolov5s.pt","source":"command_line","step":null}},"type":"parameter_msg"}
{"payload":{"local_timestamp":1668004046718,"params":{"paramName":"device","paramValue":[0,1],"source":"command_line","step":null}},"type":"parameter_msg"}
{"payload":{"local_timestamp":1668004046735,"log_other":{"key":"offline_experiment","val":true}},"type":"ws_msg"}
{"payload":{"additional_params":{"assetId":"7d26842e8f7c409e9c11084abdae4c17","context":null,"extension":"yaml","fileName":"china_motorbike.yaml","overwrite":false,"runId":null,"step":null},"clean":true,"file_path":"tmp7d7dgzsm","local_timestamp":1668004046743,"metadata":{"type":"data-config-file"},"upload_type":"asset"},"type":"file_upload"}
{"payload":{"local_timestamp":1668004046753,"log_other":{"key":"Created from","val":"YOLOv5"}},"type":"ws_msg"}
{"payload":{"local_timestamp":1668004046753,"param":{"paramName":"artifact_alias","paramValue":"latest","source":"sdk","step":null}},"type":"parameter_msg"}
{"payload":{"local_timestamp":1668004046753,"param":{"paramName":"batch_size","paramValue":16,"source":"sdk","step":null}},"type":"parameter_msg"}
{"payload":{"local_timestamp":1668004046753,"param":{"paramName":"bbox_interval","paramValue":-1,"source":"sdk","step":null}},"type":"parameter_msg"}
{"payload":{"local_timestamp":1668004046753,"param":{"paramName":"bucket","paramValue":"","source":"sdk","step":null}},"type":"parameter_msg"}
{"payload":{"local_timestamp":1668004046753,"param":{"paramName":"cache","paramValue":null,"source":"sdk","step":null}},"type":"parameter_msg"}
{"payload":{"local_timestamp":1668004046754,"param":{"paramName":"cfg","paramValue":"","source":"sdk","step":null}},"type":"parameter_msg"}
{"payload":{"local_timestamp":1668004046754,"param":{"paramName":"cos_lr","paramValue":false,"source":"sdk","step":null}},"type":"parameter_msg"}
{"payload":{"local_timestamp":1668004046754,"param":{"paramName":"data","paramValue":"/cluster/work/salara/TDT17/yolov5/data/china_motorbike.yaml","source":"sdk","step":null}},"type":"parameter_msg"}
{"payload":{"local_timestamp":1668004046754,"param":{"paramName":"device","paramValue":"0,1","source":"sdk","step":null}},"type":"parameter_msg"}
{"payload":{"local_timestamp":1668004046754,"param":{"paramName":"entity","paramValue":null,"source":"sdk","step":null}},"type":"parameter_msg"}
{"payload":{"local_timestamp":1668004046754,"param":{"paramName":"evolve","paramValue":null,"source":"sdk","step":null}},"type":"parameter_msg"}
{"payload":{"local_timestamp":1668004046754,"param":{"paramName":"exist_ok","paramValue":false,"source":"sdk","step":null}},"type":"parameter_msg"}
{"payload":{"local_timestamp":1668004046754,"params":{"paramName":"freeze","paramValue":[0],"source":"sdk","step":null}},"type":"parameter_msg"}
{"payload":{"local_timestamp":1668004046754,"param":{"paramName":"hyp","paramValue":"{\"anchor_t\": 4.0, \"box\": 0.05, \"cls\": 0.5, \"cls_pw\": 1.0, \"copy_paste\": 0.0, \"degrees\": 0.0, \"fl_gamma\": 0.0, \"fliplr\": 0.5, \"flipud\": 0.0, \"hsv_h\": 0.015, \"hsv_s\": 0.7, \"hsv_v\": 0.4, \"iou_t\": 0.2, \"lr0\": 0.01, \"lrf\": 0.01, \"mixup\": 0.0, \"momentum\": 0.937, \"mosaic\": 1.0, \"obj\": 1.0, \"obj_pw\": 1.0, \"perspective\": 0.0, \"scale\": 0.5, \"shear\": 0.0, \"translate\": 0.1, \"warmup_bias_lr\": 0.1, \"warmup_epochs\": 3.0, \"warmup_momentum\": 0.8, \"weight_decay\": 0.0005}","source":"sdk","step":null}},"type":"parameter_msg"}
{"payload":{"local_timestamp":1668004046754,"param":{"paramName":"image_weights","paramValue":false,"source":"sdk","step":null}},"type":"parameter_msg"}
{"payload":{"local_timestamp":1668004046754,"param":{"paramName":"imgsz","paramValue":512,"source":"sdk","step":null}},"type":"parameter_msg"}
{"payload":{"local_timestamp":1668004046754,"param":{"paramName":"label_smoothing","paramValue":0.0,"source":"sdk","step":null}},"type":"parameter_msg"}
{"payload":{"local_timestamp":1668004046755,"param":{"paramName":"multi_scale","paramValue":false,"source":"sdk","step":null}},"type":"parameter_msg"}
{"payload":{"local_timestamp":1668004046755,"param":{"paramName":"name","paramValue":"exp","source":"sdk","step":null}},"type":"parameter_msg"}
{"payload":{"local_timestamp":1668004046755,"param":{"paramName":"noautoanchor","paramValue":false,"source":"sdk","step":null}},"type":"parameter_msg"}
{"payload":{"local_timestamp":1668004046755,"param":{"paramName":"noplots","paramValue":false,"source":"sdk","step":null}},"type":"parameter_msg"}
{"payload":{"local_timestamp":1668004046755,"param":{"paramName":"nosave","paramValue":false,"source":"sdk","step":null}},"type":"parameter_msg"}
{"payload":{"local_timestamp":1668004046755,"param":{"paramName":"noval","paramValue":false,"source":"sdk","step":null}},"type":"parameter_msg"}
{"payload":{"local_timestamp":1668004046755,"param":{"paramName":"optimizer","paramValue":"SGD","source":"sdk","step":null}},"type":"parameter_msg"}
{"payload":{"local_timestamp":1668004046755,"param":{"paramName":"patience","paramValue":100,"source":"sdk","step":null}},"type":"parameter_msg"}
{"payload":{"local_timestamp":1668004046755,"param":{"paramName":"project","paramValue":"runs/train","source":"sdk","step":null}},"type":"parameter_msg"}
{"payload":{"local_timestamp":1668004046755,"param":{"paramName":"quad","paramValue":false,"source":"sdk","step":null}},"type":"parameter_msg"}
{"payload":{"local_timestamp":1668004046755,"param":{"paramName":"rect","paramValue":false,"source":"sdk","step":null}},"type":"parameter_msg"}
{"payload":{"local_timestamp":1668004046755,"param":{"paramName":"resume","paramValue":false,"source":"sdk","step":null}},"type":"parameter_msg"}
{"payload":{"local_timestamp":1668004046755,"param":{"paramName":"save_dir","paramValue":"runs/train/exp2","source":"sdk","step":null}},"type":"parameter_msg"}
{"payload":{"local_timestamp":1668004046755,"param":{"paramName":"save_period","paramValue":-1,"source":"sdk","step":null}},"type":"parameter_msg"}
{"payload":{"local_timestamp":1668004046755,"param":{"paramName":"seed","paramValue":0,"source":"sdk","step":null}},"type":"parameter_msg"}
{"payload":{"local_timestamp":1668004046755,"param":{"paramName":"single_cls","paramValue":false,"source":"sdk","step":null}},"type":"parameter_msg"}
{"payload":{"local_timestamp":1668004046755,"param":{"paramName":"sync_bn","paramValue":false,"source":"sdk","step":null}},"type":"parameter_msg"}
{"payload":{"local_timestamp":1668004046755,"param":{"paramName":"upload_dataset","paramValue":false,"source":"sdk","step":null}},"type":"parameter_msg"}
{"payload":{"local_timestamp":1668004046755,"param":{"paramName":"workers","paramValue":8,"source":"sdk","step":null}},"type":"parameter_msg"}
{"payload":{"local_timestamp":1668004046755,"param":{"paramName":"anchor_t","paramValue":4.0,"source":"sdk","step":null}},"type":"parameter_msg"}
{"payload":{"local_timestamp":1668004046755,"param":{"paramName":"box","paramValue":0.05,"source":"sdk","step":null}},"type":"parameter_msg"}
{"payload":{"local_timestamp":1668004046755,"param":{"paramName":"cls","paramValue":0.5,"source":"sdk","step":null}},"type":"parameter_msg"}
{"payload":{"local_timestamp":1668004046755,"param":{"paramName":"cls_pw","paramValue":1.0,"source":"sdk","step":null}},"type":"parameter_msg"}
{"payload":{"local_timestamp":1668004046755,"param":{"paramName":"copy_paste","paramValue":0.0,"source":"sdk","step":null}},"type":"parameter_msg"}
{"payload":{"local_timestamp":1668004046755,"param":{"paramName":"degrees","paramValue":0.0,"source":"sdk","step":null}},"type":"parameter_msg"}
{"payload":{"local_timestamp":1668004046755,"param":{"paramName":"fl_gamma","paramValue":0.0,"source":"sdk","step":null}},"type":"parameter_msg"}
{"payload":{"local_timestamp":1668004046755,"param":{"paramName":"fliplr","paramValue":0.5,"source":"sdk","step":null}},"type":"parameter_msg"}
{"payload":{"local_timestamp":1668004046755,"param":{"paramName":"flipud","paramValue":0.0,"source":"sdk","step":null}},"type":"parameter_msg"}
{"payload":{"local_timestamp":1668004046755,"param":{"paramName":"hsv_h","paramValue":0.015,"source":"sdk","step":null}},"type":"parameter_msg"}
{"payload":{"local_timestamp":1668004046755,"param":{"paramName":"hsv_s","paramValue":0.7,"source":"sdk","step":null}},"type":"parameter_msg"}
{"payload":{"local_timestamp":1668004046755,"param":{"paramName":"hsv_v","paramValue":0.4,"source":"sdk","step":null}},"type":"parameter_msg"}
{"payload":{"local_timestamp":1668004046755,"param":{"paramName":"iou_t","paramValue":0.2,"source":"sdk","step":null}},"type":"parameter_msg"}
{"payload":{"local_timestamp":1668004046755,"param":{"paramName":"lr0","paramValue":0.01,"source":"sdk","step":null}},"type":"parameter_msg"}
{"payload":{"local_timestamp":1668004046755,"param":{"paramName":"lrf","paramValue":0.01,"source":"sdk","step":null}},"type":"parameter_msg"}
{"payload":{"local_timestamp":1668004046755,"param":{"paramName":"mixup","paramValue":0.0,"source":"sdk","step":null}},"type":"parameter_msg"}
{"payload":{"local_timestamp":1668004046755,"param":{"paramName":"momentum","paramValue":0.937,"source":"sdk","step":null}},"type":"parameter_msg"}
{"payload":{"local_timestamp":1668004046755,"param":{"paramName":"mosaic","paramValue":1.0,"source":"sdk","step":null}},"type":"parameter_msg"}
{"payload":{"local_timestamp":1668004046755,"param":{"paramName":"obj","paramValue":1.0,"source":"sdk","step":null}},"type":"parameter_msg"}
{"payload":{"local_timestamp":1668004046755,"param":{"paramName":"obj_pw","paramValue":1.0,"source":"sdk","step":null}},"type":"parameter_msg"}
{"payload":{"local_timestamp":1668004046755,"param":{"paramName":"perspective","paramValue":0.0,"source":"sdk","step":null}},"type":"parameter_msg"}
{"payload":{"local_timestamp":1668004046755,"param":{"paramName":"scale","paramValue":0.5,"source":"sdk","step":null}},"type":"parameter_msg"}
{"payload":{"local_timestamp":1668004046755,"param":{"paramName":"shear","paramValue":0.0,"source":"sdk","step":null}},"type":"parameter_msg"}
{"payload":{"local_timestamp":1668004046755,"param":{"paramName":"translate","paramValue":0.1,"source":"sdk","step":null}},"type":"parameter_msg"}
{"payload":{"local_timestamp":1668004046755,"param":{"paramName":"warmup_bias_lr","paramValue":0.1,"source":"sdk","step":null}},"type":"parameter_msg"}
{"payload":{"local_timestamp":1668004046755,"param":{"paramName":"warmup_epochs","paramValue":3.0,"source":"sdk","step":null}},"type":"parameter_msg"}
{"payload":{"local_timestamp":1668004046755,"param":{"paramName":"warmup_momentum","paramValue":0.8,"source":"sdk","step":null}},"type":"parameter_msg"}
{"payload":{"local_timestamp":1668004046755,"param":{"paramName":"weight_decay","paramValue":0.0005,"source":"sdk","step":null}},"type":"parameter_msg"}
{"payload":{"local_timestamp":1668004046757,"metric":{"epoch":null,"metricName":"sys.gpu.0.free_memory","metricValue":30444027904,"step":null}},"type":"metric_msg"}
{"payload":{"local_timestamp":1668004046757,"metric":{"epoch":null,"metricName":"sys.gpu.0.gpu_utilization","metricValue":11,"step":null}},"type":"metric_msg"}
{"payload":{"local_timestamp":1668004046757,"metric":{"epoch":null,"metricName":"sys.gpu.0.power_usage","metricValue":40822,"step":null}},"type":"metric_msg"}
{"payload":{"local_timestamp":1668004046757,"metric":{"epoch":null,"metricName":"sys.gpu.0.temperature","metricValue":29,"step":null}},"type":"metric_msg"}
{"payload":{"local_timestamp":1668004046757,"metric":{"epoch":null,"metricName":"sys.gpu.0.used_memory","metricValue":3915710464,"step":null}},"type":"metric_msg"}
{"payload":{"local_timestamp":1668004046757,"metric":{"epoch":null,"metricName":"sys.gpu.1.free_memory","metricValue":33765916672,"step":null}},"type":"metric_msg"}
{"payload":{"local_timestamp":1668004046757,"metric":{"epoch":null,"metricName":"sys.gpu.1.gpu_utilization","metricValue":0,"step":null}},"type":"metric_msg"}
{"payload":{"local_timestamp":1668004046757,"metric":{"epoch":null,"metricName":"sys.gpu.1.power_usage","metricValue":33910,"step":null}},"type":"metric_msg"}
{"payload":{"local_timestamp":1668004046757,"metric":{"epoch":null,"metricName":"sys.gpu.1.temperature","metricValue":25,"step":null}},"type":"metric_msg"}
{"payload":{"local_timestamp":1668004046757,"metric":{"epoch":null,"metricName":"sys.gpu.1.used_memory","metricValue":593821696,"step":null}},"type":"metric_msg"}
{"payload":{"additional_params":{"assetId":"11d5afe57fe1475da5eec4ddbb2d7d51","context":null,"epoch":null,"extension":"json","fileName":"hyperparameters.json","overwrite":false,"runId":null,"step":null},"clean":true,"file_path":"tmp2tjg48vs","local_timestamp":1668004046758,"metadata":{"type":"hyp-config-file"},"upload_type":"asset"},"type":"file_upload"}
{"payload":{"additional_params":{"assetId":"9ff8dcef03424666a0a5ffb941cf2e28","context":null,"extension":"yaml","fileName":"opt.yaml","overwrite":false,"runId":null,"step":null},"clean":true,"file_path":"tmp5d8yl_0y","local_timestamp":1668004046759,"metadata":{"type":"opt-config-file"},"upload_type":"asset"},"type":"file_upload"}
{"payload":{"local_timestamp":1668004046759,"param":{"paramName":"val_conf_threshold","paramValue":0.001,"source":"sdk","step":null}},"type":"parameter_msg"}
{"payload":{"local_timestamp":1668004046759,"param":{"paramName":"val_iou_threshold","paramValue":0.6,"source":"sdk","step":null}},"type":"parameter_msg"}
{"payload":{"local_timestamp":1668004046759,"log_other":{"key":"comet_mode","val":"online"}},"type":"ws_msg"}
{"payload":{"local_timestamp":1668004046759,"log_other":{"key":"comet_max_image_uploads","val":100}},"type":"ws_msg"}
{"payload":{"local_timestamp":1668004046759,"log_other":{"key":"comet_log_per_class_metrics","val":false}},"type":"ws_msg"}
{"payload":{"local_timestamp":1668004046759,"log_other":{"key":"comet_log_batch_metrics","val":false}},"type":"ws_msg"}
{"payload":{"local_timestamp":1668004046759,"log_other":{"key":"comet_log_confusion_matrix","val":true}},"type":"ws_msg"}
{"payload":{"local_timestamp":1668004046759,"log_other":{"key":"comet_model_name","val":"yolov5"}},"type":"ws_msg"}
{"payload":{"local_timestamp":1668004051049,"stderr":true,"stdout":"Overriding model.yaml nc=80 with nc=4\n"},"type":"ws_msg"}
{"payload":{"local_timestamp":1668004051049,"stderr":true,"stdout":"\n                 from  n    params  module                                  arguments                     \n  0                -1  1      3520  models.common.Conv                      [3, 32, 6, 2, 2]              \n  1                -1  1     18560  models.common.Conv                      [32, 64, 3, 2]                \n  2                -1  1     18816  models.common.C3                        [64, 64, 1]                   \n  3                -1  1     73984  models.common.Conv                      [64, 128, 3, 2]               \n  4                -1  2    115712  models.common.C3                        [128, 128, 2]                 \n  5                -1  1    295424  models.common.Conv                      [128, 256, 3, 2]              \n"},"type":"ws_msg"}
{"payload":{"local_timestamp":1668004051065,"stderr":true,"stdout":"  6                -1  3    625152  models.common.C3                        [256, 256, 3]                 \n"},"type":"ws_msg"}
{"payload":{"local_timestamp":1668004051065,"stderr":true,"stdout":"  7                -1  1   1180672  models.common.Conv                      [256, 512, 3, 2]              \n"},"type":"ws_msg"}
{"payload":{"local_timestamp":1668004051073,"stderr":true,"stdout":"  8                -1  1   1182720  models.common.C3                        [512, 512, 1]                 \n  9                -1  1    656896  models.common.SPPF                      [512, 512, 5]                 \n"},"type":"ws_msg"}
{"payload":{"local_timestamp":1668004051091,"stderr":true,"stdout":" 10                -1  1    131584  models.common.Conv                      [512, 256, 1, 1]              \n 11                -1  1         0  torch.nn.modules.upsampling.Upsample    [None, 2, 'nearest']          \n 12           [-1, 6]  1         0  models.common.Concat                    [1]                           \n 13                -1  1    361984  models.common.C3                        [512, 256, 1, False]          \n 14                -1  1     33024  models.common.Conv                      [256, 128, 1, 1]              \n 15                -1  1         0  torch.nn.modules.upsampling.Upsample    [None, 2, 'nearest']          \n 16           [-1, 4]  1         0  models.common.Concat                    [1]                           \n 17                -1  1     90880  models.common.C3                        [256, 128, 1, False]          \n 18                -1  1    147712  models.common.Conv                      [128, 128, 3, 2]              \n 19          [-1, 14]  1         0  models.common.Concat     "},"type":"ws_msg"}
{"payload":{"local_timestamp":1668004051091,"stderr":true,"stdout":"               [1]                           \n"},"type":"ws_msg"}
{"payload":{"local_timestamp":1668004051091,"stderr":true,"stdout":" 20                -1  1    296448  models.common.C3                        [256, 256, 1, False]          \n 21                -1  1    590336  models.common.Conv                      [256, 256, 3, 2]              \n 22          [-1, 10]  1         0  models.common.Concat                    [1]                           \n"},"type":"ws_msg"}
{"payload":{"local_timestamp":1668004051103,"stderr":true,"stdout":" 23                -1  1   1182720  models.common.C3                        [512, 512, 1, False]          \n 24      [17, 20, 23]  1     24273  models.yolo.Detect                      [4, [[10, 13, 16, 30, 33, 23], [30, 61, 62, 45, 59, 119], [116, 90, 156, 198, 373, 326]], [128, 256, 512]]\n"},"type":"ws_msg"}
{"payload":{"local_timestamp":1668004051366,"stderr":true,"stdout":"Model summary: 214 layers, 7030417 parameters, 7030417 gradients, 16.0 GFLOPs\n\n"},"type":"ws_msg"}
{"payload":{"local_timestamp":1668004051464,"stderr":true,"stdout":"Transferred 343/349 items from yolov5s.pt\n"},"type":"ws_msg"}
{"payload":{"local_timestamp":1668004051769,"stderr":true,"stdout":"\u001b[34m\u001b[1mAMP: \u001b[0mchecks passed \u2705\n\u001b[34m\u001b[1moptimizer:\u001b[0m SGD(lr=0.01) with parameter groups 57 weight(decay=0.0), 60 weight(decay=0.0005), 60 bias\n"},"type":"ws_msg"}
{"payload":{"local_timestamp":1668004052112,"stderr":true,"stdout":"\r\u001b[34m\u001b[1mtrain: \u001b[0mScanning '/cluster/work/salara/TDT17/data/China_MotorBike/train/labels' images and labels...:   0%|          | 0/1977 [00:00<?, ?it/s]"},"type":"ws_msg"}
{"payload":{"local_timestamp":1668004052256,"stderr":true,"stdout":"\r\u001b[34m\u001b[1mtrain: \u001b[0mScanning '/cluster/work/salara/TDT17/data/China_MotorBike/train/labels' images and labels...16 found, 3 missing, 0 empty, 0 corrupt:   1%|          | 19/1977 [00:00<00:15, 128.55it/s]"},"type":"ws_msg"}
{"payload":{"local_timestamp":1668004052357,"stderr":true,"stdout":"\r\u001b[34m\u001b[1mtrain: \u001b[0mScanning '/cluster/work/salara/TDT17/data/China_MotorBike/train/labels' images and labels...217 found, 19 missing, 0 empty, 0 corrupt:  12%|\u2588\u258f        | 236/1977 [00:00<00:01, 1126.03it/s]"},"type":"ws_msg"}
{"payload":{"local_timestamp":1668004052467,"stderr":true,"stdout":"\r\u001b[34m\u001b[1mtrain: \u001b[0mScanning '/cluster/work/salara/TDT17/data/China_MotorBike/train/labels' images and labels...340 found, 28 missing, 0 empty, 0 corrupt:  19%|\u2588\u258a        | 368/1977 [00:00<00:01, 1162.14it/s]"},"type":"ws_msg"}
{"payload":{"local_timestamp":1668004052596,"stderr":true,"stdout":"\r\u001b[34m\u001b[1mtrain: \u001b[0mScanning '/cluster/work/salara/TDT17/data/China_MotorBike/train/labels' images and labels...463 found, 32 missing, 0 empty, 0 corrupt:  25%|\u2588\u2588\u258c       | 495/1977 [00:00<00:01, 1083.96it/s]"},"type":"ws_msg"}
{"payload":{"local_timestamp":1668004052787,"stderr":true,"stdout":"\r\u001b[34m\u001b[1mtrain: \u001b[0mScanning '/cluster/work/salara/TDT17/data/China_MotorBike/train/labels' images and labels...574 found, 37 missing, 0 empty, 0 corrupt:  31%|\u2588\u2588\u2588       | 611/1977 [00:00<00:01, 859.51it/s] "},"type":"ws_msg"}
{"payload":{"local_timestamp":1668004052888,"stderr":true,"stdout":"\r\u001b[34m\u001b[1mtrain: \u001b[0mScanning '/cluster/work/salara/TDT17/data/China_MotorBike/train/labels' images and labels...708 found, 43 missing, 0 empty, 0 corrupt:  38%|\u2588\u2588\u2588\u258a      | 751/1977 [00:00<00:01, 999.97it/s]"},"type":"ws_msg"}
{"payload":{"local_timestamp":1668004053000,"stderr":true,"stdout":"\r\u001b[34m\u001b[1mtrain: \u001b[0mScanning '/cluster/work/salara/TDT17/data/China_MotorBike/train/labels' images and labels...879 found, 51 missing, 0 empty, 0 corrupt:  47%|\u2588\u2588\u2588\u2588\u258b     | 930/1977 [00:00<00:00, 1174.14it/s]"},"type":"ws_msg"}
{"payload":{"local_timestamp":1668004053183,"stderr":true,"stdout":"\r\u001b[34m\u001b[1mtrain: \u001b[0mScanning '/cluster/work/salara/TDT17/data/China_MotorBike/train/labels' images and labels...997 found, 60 missing, 0 empty, 0 corrupt:  53%|\u2588\u2588\u2588\u2588\u2588\u258e    | 1057/1977 [00:01<00:00, 978.82it/s]"},"type":"ws_msg"}
{"payload":{"local_timestamp":1668004053284,"stderr":true,"stdout":"\r\u001b[34m\u001b[1mtrain: \u001b[0mScanning '/cluster/work/salara/TDT17/data/China_MotorBike/train/labels' images and labels...1142 found, 69 missing, 0 empty, 0 corrupt:  61%|\u2588\u2588\u2588\u2588\u2588\u2588\u258f   | 1211/1977 [00:01<00:00, 1112.04it/s]"},"type":"ws_msg"}
{"payload":{"local_timestamp":1668004053443,"stderr":true,"stdout":"COMET WARNING: Error exporting current conda environment\n"},"type":"ws_msg"}
{"payload":{"local_timestamp":1668004053448,"stderr":true,"stdout":"\r\u001b[34m\u001b[1mtrain: \u001b[0mScanning '/cluster/work/salara/TDT17/data/China_MotorBike/train/labels' images and labels...1262 found, 72 missing, 0 empty, 0 corrupt:  67%|\u2588\u2588\u2588\u2588\u2588\u2588\u258b   | 1334/1977 [00:01<00:00, 984.57it/s] "},"type":"ws_msg"}
{"payload":{"local_timestamp":1668004053573,"stderr":true,"stdout":"\r\u001b[34m\u001b[1mtrain: \u001b[0mScanning '/cluster/work/salara/TDT17/data/China_MotorBike/train/labels' images and labels...1363 found, 79 missing, 0 empty, 0 corrupt:  73%|\u2588\u2588\u2588\u2588\u2588\u2588\u2588\u258e  | 1442/1977 [00:01<00:00, 953.49it/s]"},"type":"ws_msg"}
{"payload":{"local_timestamp":1668004053677,"stderr":true,"stdout":"\r\u001b[34m\u001b[1mtrain: \u001b[0mScanning '/cluster/work/salara/TDT17/data/China_MotorBike/train/labels' images and labels...1513 found, 90 missing, 0 empty, 0 corrupt:  81%|\u2588\u2588\u2588\u2588\u2588\u2588\u2588\u2588  | 1603/1977 [00:01<00:00, 1096.81it/s]"},"type":"ws_msg"}
{"payload":{"local_timestamp":1668004053815,"stderr":true,"stdout":"\r\u001b[34m\u001b[1mtrain: \u001b[0mScanning '/cluster/work/salara/TDT17/data/China_MotorBike/train/labels' images and labels...1622 found, 98 missing, 0 empty, 0 corrupt:  87%|\u2588\u2588\u2588\u2588\u2588\u2588\u2588\u2588\u258b | 1720/1977 [00:01<00:00, 1015.97it/s]"},"type":"ws_msg"}
{"payload":{"local_timestamp":1668004053917,"stderr":true,"stdout":"\r\u001b[34m\u001b[1mtrain: \u001b[0mScanning '/cluster/work/salara/TDT17/data/China_MotorBike/train/labels' images and labels...1722 found, 105 missing, 0 empty, 0 corrupt:  92%|\u2588\u2588\u2588\u2588\u2588\u2588\u2588\u2588\u2588\u258f| 1827/1977 [00:01<00:00, 1024.97it/s]"},"type":"ws_msg"}
{"payload":{"local_timestamp":1668004054024,"stderr":true,"stdout":"\r\u001b[34m\u001b[1mtrain: \u001b[0mScanning '/cluster/work/salara/TDT17/data/China_MotorBike/train/labels' images and labels...1826 found, 108 missing, 0 empty, 0 corrupt:  98%|\u2588\u2588\u2588\u2588\u2588\u2588\u2588\u2588\u2588\u258a| 1934/1977 [00:01<00:00, 1018.06it/s]"},"type":"ws_msg"}
{"payload":{"local_timestamp":1668004054059,"stderr":true,"stdout":"\r\u001b[34m\u001b[1mtrain: \u001b[0mScanning '/cluster/work/salara/TDT17/data/China_MotorBike/train/labels' images and labels...1867 found, 110 missing, 0 empty, 0 corrupt: 100%|\u2588\u2588\u2588\u2588\u2588\u2588\u2588\u2588\u2588\u2588| 1977/1977 [00:01<00:00, 1013.31it/s]\n"},"type":"ws_msg"}
{"payload":{"local_timestamp":1668004054428,"stderr":true,"stdout":"\u001b[34m\u001b[1mtrain: \u001b[0mNew cache created: /cluster/work/salara/TDT17/data/China_MotorBike/train/labels.cache\n"},"type":"ws_msg"}
{"payload":{"local_timestamp":1668004055104,"stderr":true,"stdout":"/cluster/home/salara/.local/lib/python3.8/site-packages/torch/utils/data/dataloader.py:474: UserWarning: This DataLoader will create 8 worker processes in total. Our suggested max number of worker in current system is 2, which is smaller than what this DataLoader is going to create. Please be aware that excessive worker creation might get DataLoader running slow or even freeze, lower the worker number to avoid potential slowness/freeze if necessary.\n  warnings.warn(_create_warning_msg(\n"},"type":"ws_msg"}
{"payload":{"local_timestamp":1668004059164,"stderr":true,"stdout":"Traceback (most recent call last):\n  File \"/cluster/work/salara/TDT17/yolov5/utils/dataloaders.py\", line 464, in __init__\n"},"type":"ws_msg"}
{"payload":{"local_timestamp":1668004059182,"stderr":true,"stdout":"    p = Path(p)  # os-agnostic\n  File \"/cluster/apps/eb/software/Anaconda3/2020.07/lib/python3.8/pathlib.py\", line 1038, in __new__\n"},"type":"ws_msg"}
{"payload":{"local_timestamp":1668004059208,"stderr":true,"stdout":"    self = cls._from_parts(args, init=False)\n  File \"/cluster/apps/eb/software/Anaconda3/2020.07/lib/python3.8/pathlib.py\", line 679, in _from_parts\n"},"type":"ws_msg"}
{"payload":{"local_timestamp":1668004059216,"stderr":true,"stdout":"    drv, root, parts = self._parse_args(args)\n  File \"/cluster/apps/eb/software/Anaconda3/2020.07/lib/python3.8/pathlib.py\", line 663, in _parse_args\n"},"type":"ws_msg"}
{"payload":{"local_timestamp":1668004059216,"stderr":true,"stdout":"    a = os.fspath(a)\nTypeError: expected str, bytes or os.PathLike object, not NoneType\n\nThe above exception was the direct cause of the following exception:\n\nTraceback (most recent call last):\n  File \"train.py\", line 630, in <module>\n"},"type":"ws_msg"}
{"payload":{"local_timestamp":1668004059217,"stderr":true,"stdout":"    main(opt)\n  File \"train.py\", line 524, in main\n"},"type":"ws_msg"}
{"payload":{"local_timestamp":1668004059224,"stderr":true,"stdout":"    train(opt.hyp, opt, device, callbacks)\n  File \"train.py\", line 206, in train\n"},"type":"ws_msg"}
{"payload":{"local_timestamp":1668004059229,"stderr":true,"stdout":"    val_loader = create_dataloader(val_path,\n  File \"/cluster/work/salara/TDT17/yolov5/utils/dataloaders.py\", line 124, in create_dataloader\n"},"type":"ws_msg"}
{"payload":{"local_timestamp":1668004059230,"stderr":true,"stdout":"    dataset = LoadImagesAndLabels(\n  File \"/cluster/work/salara/TDT17/yolov5/utils/dataloaders.py\", line 480, in __init__\n"},"type":"ws_msg"}
{"payload":{"local_timestamp":1668004059234,"stderr":true,"stdout":"    raise Exception(f'{prefix}Error loading data from {path}: {e}\\n{HELP_URL}') from e\nException: \u001b[34m\u001b[1mval: \u001b[0mError loading data from None: expected str, bytes or os.PathLike object, not NoneType\nSee https://github.com/ultralytics/yolov5/wiki/Train-Custom-Data\n"},"type":"ws_msg"}
{"payload":{"additional_params":{"assetId":"965d57f2219240f595573558ea99799f","context":null,"epoch":null,"extension":"txt","fileName":"conda-spec.txt","overwrite":false,"runId":null,"step":null,"type":"conda-specification"},"clean":true,"file_path":"tmpuptsu17c","local_timestamp":1668004063961,"metadata":{},"upload_type":"conda-specification"},"type":"file_upload"}
{"payload":{"additional_params":{"assetId":"8935ddeabd00430e9199abd1aaa0832e","context":null,"epoch":null,"extension":"yml","fileName":"conda-info.yml","overwrite":false,"runId":null,"step":null,"type":"conda-info"},"clean":true,"file_path":"tmpvlthk6_8","local_timestamp":1668004064475,"metadata":{},"upload_type":"conda-info"},"type":"file_upload"}
{"payload":{"local_timestamp":1668004064477,"stderr":true,"stdout":"COMET INFO: ----------------------------------\n"},"type":"ws_msg"}
{"payload":{"local_timestamp":1668004064477,"stderr":true,"stdout":"COMET INFO: Comet.ml OfflineExperiment Summary\nCOMET INFO: ----------------------------------\nCOMET INFO:   Data:\n"},"type":"ws_msg"}
{"payload":{"local_timestamp":1668004064477,"stderr":true,"stdout":"COMET INFO:     display_summary_level : 1\nCOMET INFO:     url                   : [OfflineExperiment will get URL after upload]\nCOMET INFO:   Others:\n"},"type":"ws_msg"}
{"payload":{"local_timestamp":1668004064477,"stderr":true,"stdout":"COMET INFO:     Created from                : YOLOv5\nCOMET INFO:     comet_log_batch_metrics     : False\n"},"type":"ws_msg"}
{"payload":{"local_timestamp":1668004064477,"stderr":true,"stdout":"COMET INFO:     comet_log_confusion_matrix  : True\nCOMET INFO:     comet_log_per_class_metrics : False\n"},"type":"ws_msg"}
{"payload":{"local_timestamp":1668004064477,"stderr":true,"stdout":"COMET INFO:     comet_max_image_uploads     : 100\n"},"type":"ws_msg"}
{"payload":{"local_timestamp":1668004064477,"stderr":true,"stdout":"COMET INFO:     comet_mode                  : online\nCOMET INFO:     comet_model_name            : yolov5\n"},"type":"ws_msg"}
{"payload":{"local_timestamp":1668004064477,"stderr":true,"stdout":"COMET INFO:     offline_experiment          : True\n"},"type":"ws_msg"}
{"payload":{"local_timestamp":1668004064477,"stderr":true,"stdout":"COMET INFO:   Parameters:\n"},"type":"ws_msg"}
{"payload":{"local_timestamp":1668004064479,"log_other":{"key":"sys.already_imported_modules","val":"[\"tensorboard\", \"torch\"]"}},"type":"ws_msg"}
{"payload":{"local_timestamp":1668004064480,"stderr":true,"stdout":"COMET INFO:     anchor_t           : 4.0\n"},"type":"ws_msg"}
{"payload":{"local_timestamp":1668004064480,"stderr":true,"stdout":"COMET INFO:     artifact_alias     : latest\n"},"type":"ws_msg"}
{"payload":{"local_timestamp":1668004064480,"stderr":true,"stdout":"COMET INFO:     batch_size         : 16\n"},"type":"ws_msg"}
{"payload":{"local_timestamp":1668004064480,"stderr":true,"stdout":"COMET INFO:     bbox_interval      : -1\n"},"type":"ws_msg"}
{"payload":{"local_timestamp":1668004064480,"stderr":true,"stdout":"COMET INFO:     box                : 0.05\nCOMET INFO:     bucket             : \nCOMET INFO:     cache              : 1\nCOMET INFO:     cfg                : \nCOMET INFO:     cls                : 0.5\nCOMET INFO:     cls_pw             : 1.0\nCOMET INFO:     copy_paste         : 0.0\nCOMET INFO:     cos_lr             : False\nCOMET INFO:     degrees            : 0.0\nCOMET INFO:     entity             : 1\nCOMET INFO:     evolve             : 1\nCOMET INFO:     exist_ok           : False\nCOMET INFO:     fl_gamma           : 0.0\nCOMET INFO:     fliplr             : 0.5\nCOMET INFO:     flipud             : 0.0\nCOMET INFO:     freeze             : [0]\nCOMET INFO:     hsv_h              : 0.015\nCOMET INFO:     hsv_s              : 0.7\nCOMET INFO:     hsv_v              : 0.4\nCOMET INFO:     hyp                : {\"anchor_t\": 4.0, \"box\": 0.05, \"cls\": 0.5, \"cls_pw\": 1.0, \"copy_paste\": 0.0, \"degrees\": 0.0, \"fl_gamma\": 0.0, \"fliplr\": 0.5, \"flipud\": 0.0, \"hsv_h\": 0.015, \"hsv_s\": 0.7, \"hsv_v\": 0.4, \"iou_t\": 0.2, \"lr0\": 0.01, \"l"},"type":"ws_msg"}
{"payload":{"local_timestamp":1668004064480,"stderr":true,"stdout":"rf\": 0.01, \"mixup\": 0.0, \"momentum\": 0.937, \"mosaic\": 1.0, \"obj\": 1.0, \"obj_pw\": 1.0, \"perspective\": 0.0, \"scale\": 0.5, \"shear\": 0.0, \"translate\": 0.1, \"warmup_bias_lr\": 0.1, \"warmup_epochs\": 3.0, \"warmup_momentum\": 0.8, \"weight_decay\": 0.0005}\nCOMET INFO:     image_weights      : False\nCOMET INFO:     imgsz              : 512\nCOMET INFO:     iou_t              : 0.2\nCOMET INFO:     label_smoothing    : 0.0\nCOMET INFO:     lr0                : 0.01\nCOMET INFO:     lrf                : 0.01\nCOMET INFO:     mixup              : 0.0\nCOMET INFO:     momentum           : 0.937\nCOMET INFO:     mosaic             : 1.0\nCOMET INFO:     multi_scale        : False\nCOMET INFO:     name               : exp\nCOMET INFO:     noautoanchor       : False\nCOMET INFO:     noplots            : False\nCOMET INFO:     nosave             : False\nCOMET INFO:     noval              : False\nCOMET INFO:     obj                : 1.0\nCOMET INFO:     obj_pw             : 1.0\nCOMET INFO:     optimizer          : SGD\nCOMET INFO:     patience "},"type":"ws_msg"}
{"payload":{"local_timestamp":1668004064480,"stderr":true,"stdout":"          : 100\nCOMET INFO:     perspective        : 0.0\nCOMET INFO:     project            : runs/train\nCOMET INFO:     quad               : False\nCOMET INFO:     rect               : False\nCOMET INFO:     resume             : False\nCOMET INFO:     save_dir           : runs/train/exp2\nCOMET INFO:     save_period        : -1\nCOMET INFO:     scale              : 0.5\nCOMET INFO:     seed               : 0\nCOMET INFO:     shear              : 0.0\nCOMET INFO:     single_cls         : False\nCOMET INFO:     sync_bn            : False\nCOMET INFO:     translate          : 0.1\nCOMET INFO:     upload_dataset     : False\nCOMET INFO:     val_conf_threshold : 0.001\nCOMET INFO:     val_iou_threshold  : 0.6\nCOMET INFO:     warmup_bias_lr     : 0.1\nCOMET INFO:     warmup_epochs      : 3.0\nCOMET INFO:     warmup_momentum    : 0.8\nCOMET INFO:     weight_decay       : 0.0005\nCOMET INFO:     workers            : 8\nCOMET INFO:   Uploads:\nCOMET INFO:     asset               : 3 (1.55 KB)\nCOMET INFO:     conda-info          : 1\nCOM"},"type":"ws_msg"}
{"payload":{"local_timestamp":1668004064480,"stderr":true,"stdout":"ET INFO:     conda-specification : 1\nCOMET INFO:     environment details : 1\nCOMET INFO:     installed packages  : 1\nCOMET INFO: ----------------------------------\nCOMET WARNING: Experiment Name is generated at upload time for Offline Experiments unless set explicitly with Experiment.set_name\nCOMET WARNING: Comet has disabled auto-logging functionality as it has been imported after the following ML modules: tensorboard, torch. Metrics and hyperparameters can still be logged using comet_ml.log_metrics() and comet_ml.log_parameters()\n"},"type":"ws_msg"}
